episode,total_distance,total_reward,speed_mean,speed_std,center_dev_mean,center_dev_std,reward_mean,reward_std,success
0,158.66972190747038,347.5611443727808,20.30317530562106,3.446419281603376,0.06678771970908554,0.09028023975255677,0.8216575517087017,0.1787644845898421,True
1,266.6990672883112,588.7302383670884,20.818886931278968,2.772638168061798,0.06242692714720093,0.05962729314304087,0.849538583502292,0.1309028580493463,True
2,314.560315491166,645.7925086915266,20.85662085332627,2.6757029060663404,0.10383118904817235,0.13128682876698683,0.791412388102361,0.19321499560950747,True
3,176.57219412829727,382.4443801557811,20.156076131269955,3.357753338426918,0.08148331814978481,0.08535215763454294,0.8068446838729559,0.15945007790940005,True
total,1145.626623519056,2455.6603394839713,20.533689805374063,3.0631284235396077,0.07863228851356091,0.09163662982428186,0.8173633017965777,0.16558310403952398,1.0
