episode,total_distance,total_reward,speed_mean,speed_std,center_dev_mean,center_dev_std,reward_mean,reward_std,success
0,158.12305060424842,339.06290886047776,20.879658215595338,3.5652566877059892,0.07670767375318109,0.09223667808073108,0.8269827045377507,0.17188805898891182,True
1,267.0493973377161,563.7870065053269,21.243030634970438,2.839548686811597,0.09634862818271941,0.1043707804662755,0.8290985389784219,0.17312253722139734,True
2,314.9090919615701,656.754795177781,21.484634466496647,2.751588697247269,0.09091192600000476,0.10966747664353936,0.828190157853444,0.1827481547581645,True
3,176.80893821408972,367.9504362974676,21.590333036279215,3.585762696405428,0.08978460377162042,0.07937360368575096,0.8305878923193399,0.15785569786210335,True
total,1146.1130976470304,2409.4439335513166,21.29941408833541,3.185539192042571,0.08843820792688142,0.09641213471907423,0.828714823422239,0.17140361220764427,1.0
