episode,total_distance,total_reward,speed_mean,speed_std,center_dev_mean,center_dev_std,reward_mean,reward_std,success
0,158.4678860991262,346.08022133030977,20.920205421042937,3.5571427185277837,0.06326400834560006,0.058844464304222244,0.8440981008056336,0.1614037648950778,True
1,267.0638783005997,578.459671881248,21.24242389954896,2.802624331700159,0.08125485583209233,0.08149977236116901,0.8506759880606589,0.12956304436063332,True
2,315.1726037254557,664.1494569748921,21.313104501894017,2.6737607932736567,0.09312890068351785,0.0836685536030445,0.8301868212186152,0.13103489072784918,True
3,176.39863624004647,371.85072061943686,21.111864893085873,3.302246808598277,0.08990937123557052,0.07393095857385963,0.822678585441232,0.13307442085944354,True
total,1146.3787554565351,2450.675088507359,21.146899678892947,3.083943663024969,0.0818892840241952,0.07448593721057384,0.836909873881535,0.13876903021075096,1.0
