episode,total_distance,total_reward,speed_mean,speed_std,center_dev_mean,center_dev_std,reward_mean,reward_std,success
0,158.49217896722257,316.8175570541594,20.3513952494586,3.7087032046750754,0.08842867568322578,0.1006510726315253,2.2469330287529035,0.5056637933067566,True
1,267.2827238154132,539.4281388832533,20.46753976713887,3.360649455568296,0.09374308562134286,0.11661986058831368,2.285712452895141,0.5383981132254776,True
2,314.8864389313385,569.8534226316418,20.692525957048325,2.8991343168014674,0.19926142136139927,0.24748538799942402,2.072194264115061,0.6699917390000877,True
3,177.00663549173623,387.46035051957955,20.07411271346008,3.3451790871164406,0.0662032397257578,0.07721300861144215,2.4368575504376073,0.3913372892251884,True
total,1147.084971507138,2266.9493363607926,20.39639342177647,3.3284165160403196,0.11190910559793144,0.13549233245767628,2.2604243240501782,0.5263477336893776,1.0
