episode,total_distance,total_reward,speed_mean,speed_std,center_dev_mean,center_dev_std,reward_mean,reward_std,success
0,158.3463218321558,341.5624509380011,20.95826764103072,3.595111027469218,0.07405245296394423,0.07544621177427904,0.8351160169633279,0.16703532688063294,True
1,267.384836149402,561.6371863341333,21.814564762025462,3.036839889121297,0.0791270426597261,0.07521330180228718,0.8471149115145298,0.1414952794688199,True
2,313.8044778734911,632.6411591087564,21.739057231019856,2.8863871467714266,0.10932297161070798,0.15880950416957315,0.8100398964260644,0.19754700568753608,True
3,176.35219848761335,335.9713526332671,21.399485990169918,3.693407120946691,0.14052954895174544,0.11061169727658314,0.7532989969355764,0.1517053016552101,True
total,1144.8597929283278,2339.7651862676976,21.47784390606149,3.302936296077158,0.10075800404653093,0.10502017875568062,0.8113924554598747,0.16444572842304978,1.0
