episode,total_distance,total_reward,speed_mean,speed_std,center_dev_mean,center_dev_std,reward_mean,reward_std,success
0,158.0487864697352,314.12122385389137,21.234590609740437,4.00089164633788,0.11843746205551726,0.07561390317077372,0.7794571311510952,0.15644627540713887,True
1,267.64898641663603,516.2957263318734,21.773495416253496,3.288251871174866,0.11471484110360032,0.1732271784981015,0.7763845508749976,0.21522178413105292,True
2,313.713588103652,554.1037096970904,21.03713297884028,3.4924369981151693,0.17024222526385158,0.2313871224287429,0.6866216972702484,0.25207171653577143,True
3,177.2816943335347,333.7090194004987,20.59043757428765,4.24867401525868,0.12468676348392323,0.1320050304879931,0.7161137755375508,0.2059249603882443,True
total,1145.8663191544474,2147.7870991041923,21.158914144780464,3.7575636327216486,0.13202032297672311,0.1530583086464028,0.7396442887084729,0.20741618411555188,1.0
