episode,total_distance,total_reward,speed_mean,speed_std,center_dev_mean,center_dev_std,reward_mean,reward_std,success
0,158.16469315090217,361.00884223326494,20.77572545439771,3.4869762023009114,0.040393226779282004,0.04523688621061409,0.8762350539642353,0.1609198846531487,True
1,266.5710658784956,597.4026479609406,21.235696967546083,3.003801883366357,0.04894473875027207,0.05592067813207993,0.8798271693091909,0.13700326321783343,True
2,313.93900662404485,681.87611833312,21.360227143365947,2.935437882847854,0.0596362409331573,0.07685503124049656,0.8577058092240503,0.14208827028723267,True
3,176.6367285947781,387.66579626404837,21.181584837309092,3.546943212350865,0.05802189196596762,0.05869448213509755,0.8595693930466705,0.14691187003556394,True
total,1144.1393678102759,2534.941755989217,21.138308600654707,3.243289795216497,0.05174902460716975,0.059176769429572035,0.8683343563860367,0.14673082204844468,1.0
