episode,total_distance,total_reward,speed_mean,speed_std,center_dev_mean,center_dev_std,reward_mean,reward_std,success
0,295.3991084919253,574.7480797387964,20.320811646231565,2.756259736112813,0.1848670590043405,0.19940958022958757,0.7312316536117002,0.19733508003716083,True
1,295.84668201810564,526.582291003592,21.0543030319179,3.0185078529814935,0.1967625602784414,0.19864250826706026,0.6928714355310421,0.22882910171896148,True
2,216.3999324477627,417.1608836810161,20.35011182589025,3.1254063225095647,0.17255271920930618,0.2174445176091404,0.7254971890104628,0.2172936307865059,True
3,289.5417447638465,639.60440975573,20.22038491889861,2.677023286246721,0.08139301655303699,0.08590685917441108,0.8263622865061111,0.16169771607914596,True
total,1371.4843346520502,2697.619580223918,20.486402855734582,2.894299299462648,0.15889383876128127,0.17535086632004984,0.7439906411648289,0.20128888215544355,1.0
