episode,total_distance,total_reward,speed_mean,speed_std,center_dev_mean,center_dev_std,reward_mean,reward_std,success
0,159.00916133448482,329.0781951826693,20.998752701228508,3.8380232808005057,0.10094696764539222,0.0871739640942299,0.8026297443479739,0.17499354995304098,True
1,266.8109708582051,564.2479168886616,21.51348764925736,3.262335863870915,0.07626967358022088,0.06817346250944657,0.8409059864212542,0.14106467805302417,True
2,313.48871454037726,668.7571834112891,21.226221978558474,2.836899461316723,0.07924081207721856,0.10179753094704813,0.8369927201643168,0.16020928710884688,True
3,176.30715037556365,386.17925452159375,21.148509189473465,3.5145175184036184,0.0748705402601921,0.08020821323520823,0.856273291622159,0.1442834281296858,True
total,1144.5199963857885,2435.328187505267,21.221742879629453,3.3629440310979404,0.08283199839075595,0.0843382926964832,0.8342004356389261,0.15513773581114948,1.0
