episode,total_distance,total_reward,speed_mean,speed_std,center_dev_mean,center_dev_std,reward_mean,reward_std,success
0,67.03620003528704,85.53279375135362,20.620472926434157,5.659010059937527,0.37559598305280095,0.46222228060783427,0.48598178267814557,0.8435444762286447,False
1,36.9824955244294,54.517756090587405,18.370245198403534,6.016239253566924,0.27596673306616876,0.28474650945769525,0.5001628999136459,1.0459794411209131,False
2,92.862584257673,83.54371834525527,18.629155814776144,4.168690045361411,0.8279792815755767,0.5027905427189582,0.309421179056501,0.6684219028567265,False
3,118.8942280979827,91.86957354709105,20.625646987933944,4.074990752644899,0.8510075707291116,0.5571952967617582,0.2944537613688816,0.6273629645285624,False
total,394.7193848942152,394.3298021678592,19.561380231886947,4.97973252787769,0.5826373921059145,0.45173865738656144,0.39750490575429354,0.7963271961837117,0
