episode,total_distance,total_reward,speed_mean,speed_std,center_dev_mean,center_dev_std,reward_mean,reward_std,success
0,295.70235707212123,612.5764392921157,20.90090125191031,2.733597841430274,0.12184437672698167,0.14767259067702115,0.8007535154145302,0.17902576660803707,True
1,153.42971022209167,219.30731112699863,22.039380585090274,3.914695566467977,0.3993951102667759,0.5491961478158411,0.5817170056419062,0.6284947862874882,False
2,217.1291797981976,411.5796191366392,21.423324027590233,3.379699746059368,0.18386671225599452,0.15119070417471672,0.7510576991544511,0.1559809104179822,True
3,289.30023420983343,628.8735739673325,21.27762313512715,2.951417717088534,0.06323028134928427,0.07031177108534398,0.8556103047174591,0.13770344295273235,True
total,1194.451851627805,2340.4211794038574,21.410307249929495,3.244852717761538,0.19208412014975906,0.22959280343823074,0.7472846312320867,0.27530122656656,0.6
