episode,total_distance,total_reward,speed_mean,speed_std,center_dev_mean,center_dev_std,reward_mean,reward_std,success
0,159.44201709865592,264.22652200594337,20.848983098958715,3.5582693301413353,0.19950823717191096,0.26989327396999263,0.6382283140240178,0.26280746952012624,True
1,268.17073504650034,464.35917151182014,20.877170061869787,2.9547314794338666,0.19344316972612519,0.20172817168099777,0.6681426928227628,0.2185857298558195,True
2,167.16636498598382,200.0197143060579,20.12222423912346,3.2521415620068335,0.475761928784648,0.4710973552753829,0.444488254013462,0.5853708107303445,False
3,174.27246909262612,225.38796669596138,20.58602854629661,3.4497557847609808,0.40479086818653637,0.34815635853143295,0.4921134644016624,0.25194160858379533,True
total,961.3144827797078,1442.4917181497285,20.608601486562144,3.303724539085754,0.31837605096730515,0.32271878986445157,0.5607431813154763,0.32967640467252135,0.6
