episode,total_distance,total_reward,speed_mean,speed_std,center_dev_mean,center_dev_std,reward_mean,reward_std,success
0,157.674000965897,333.42620050455156,21.43931855820683,3.9805285645167947,0.047281743911075154,0.07843324906912376,0.8377542726245014,0.19661152982599658,True
1,265.8984583285637,576.0360249857932,21.65561110099516,3.314826331616982,0.04621313656245681,0.071287914899989,0.8675241340147488,0.16109152310553457,True
2,313.95820232946426,667.287429618975,21.938946540880714,3.2336528046679054,0.04829850648103987,0.06475251944442946,0.8621284620400194,0.14399869528711898,True
3,176.6084300612565,394.05076950356,21.370251121023614,3.6946737016285196,0.04022231075227412,0.05093458303637595,0.8815453456455481,0.14435665828277655,True
total,1142.6738646064769,2463.5005307661,21.60103183027658,3.5559203506075505,0.04550392442671149,0.06635206661247954,0.8622380535812044,0.16151460162535666,1.0
