episode,total_distance,total_reward,speed_mean,speed_std,center_dev_mean,center_dev_std,reward_mean,reward_std,success
0,158.58045018091798,326.1129114608837,21.145200675466775,3.756397125808189,0.09976809134191866,0.13050634647011233,0.8032337720711421,0.20351057865687908,True
1,267.99444016697817,560.1420461681063,21.254374863611567,3.1268947832603597,0.10999972367684499,0.12115697093060794,0.8213226483403318,0.18251315482185745,True
2,315.0297606685199,669.6071954726028,21.439790261526667,2.8501637853972204,0.08877511003257811,0.08974171762993108,0.8422732018523306,0.1630921437134763,True
3,176.84876906406134,379.1775049430754,21.401746003990223,3.4865572822738753,0.07228871254683619,0.07001957135727477,0.8482718231388712,0.1444768419874663,True
total,1148.0667751005967,2418.7995725558353,21.31027795114881,3.3050032441849106,0.09270790939954449,0.10285615159698153,0.8287753613506689,0.17339817979491978,1.0
