episode,total_distance,total_reward,speed_mean,speed_std,center_dev_mean,center_dev_std,reward_mean,reward_std,success
0,158.17779316089582,323.1496757864621,20.035007829105464,3.068503305714335,0.10641725669718406,0.12417985139383719,2.259787942562672,0.49843231342771244,True
1,266.2231726900209,562.6706335566539,20.67121600545596,2.91432782382991,0.07769352114150788,0.09588232901713674,2.414895422989931,0.4667033538501198,True
2,312.5908730998636,581.6492218211588,20.16717467851306,3.09700494325077,0.20247680943300345,0.31106152306121676,2.077318649361281,0.7330341363461311,True
3,176.16594357183203,318.59889955053194,20.285503193499704,3.844084203401326,0.17041202868928798,0.21085864571136884,2.0292923538250442,0.6002816499252014,True
total,1141.4472281532653,2232.5855383935086,20.28972542664355,3.2309800690490853,0.13924990399024584,0.18549558729588989,2.195323592184732,0.5746128633872912,1.0
