episode,total_distance,total_reward,speed_mean,speed_std,center_dev_mean,center_dev_std,reward_mean,reward_std,success
0,158.19854540145025,327.89307962061486,21.346649383182367,3.678975272850754,0.09890127978737052,0.11108224558661237,0.8176884778568949,0.1926103035273914,True
1,266.1912550213747,563.0441344759349,21.748125766330634,3.465192619762564,0.08383494878219629,0.0573759345145396,0.850519840598089,0.13880058455023414,True
2,314.9658304611221,642.1198721560537,22.071274807209775,2.917410733032371,0.10749216018982383,0.11001648213895837,0.8317614924301214,0.15960127895989376,True
3,176.6498674256727,376.20756245617736,20.462869234054654,3.5231154538988667,0.12641701434523817,0.09951829089874006,0.8055836455164397,0.1658842787581155,True
total,1145.0068728870247,2386.580810885976,21.407229797694356,3.3961735198861387,0.1041613507761572,0.0944982382847126,0.8263883641003863,0.1642241114489087,1.0
