episode,total_distance,total_reward,speed_mean,speed_std,center_dev_mean,center_dev_std,reward_mean,reward_std,success
0,158.94280414795503,329.9524659234048,20.78447955334808,3.812119536602463,0.06903602105113328,0.11642335213369363,0.7969866326652291,0.21455108234492062,True
1,267.61630175239407,541.061871624879,21.93794041632758,3.350721970880208,0.07079245939964829,0.09729577083927811,0.81979071458315,0.16743215738457826,True
2,314.4781479402445,597.5213393209418,21.410838636097488,3.325621002145469,0.1368633180343154,0.17742487986250186,0.7515991689571595,0.19073077619783488,True
3,177.44653485459276,334.31088940464053,22.229336362840982,4.078001303217201,0.0932756184604519,0.09663563823211664,0.7738677995477791,0.16961053109629814,True
total,1148.104735868983,2253.558207842333,21.590648742153533,3.6416159532113355,0.09249185423638721,0.12194491026689755,0.7855610789383294,0.18558113675590798,1.0
