episode,total_distance,total_reward,speed_mean,speed_std,center_dev_mean,center_dev_std,reward_mean,reward_std,success
0,158.1483220863156,319.51906441540325,21.73058467409233,3.964041535945499,0.0777648801153077,0.11215715870538222,0.8109620924248814,0.2085074048568627,True
1,266.20378164574504,555.888718121576,22.119392002748015,3.0502081092535933,0.07833451545060542,0.09324769972839171,0.8538997206168601,0.15135682046982285,True
2,314.43722460372373,628.8681847894892,21.978736539791843,3.187861828516257,0.11102556654563306,0.11265456436006131,0.8124911948184614,0.15289628911870465,True
3,176.48590158997104,355.8075084401641,21.701644051257777,3.72466609649111,0.12791597448012787,0.10818883578843208,0.8086534282731003,0.17429661360007273,True
total,1144.0940374071943,2325.1043447082907,21.88258931697249,3.4816943925516144,0.09876023414791851,0.10656206464556683,0.8215016090333258,0.17176428201136573,1.0
