episode,total_distance,total_reward,speed_mean,speed_std,center_dev_mean,center_dev_std,reward_mean,reward_std,success
0,3.81055729277432,-8.632756920449088,9.837762292710309,8.678872057488238,0.7443000943571072,0.9948433708067471,-0.3753372574108299,2.09947389899515,False
1,3.9400810338556767,-8.702331152435312,10.201077431764258,8.780996903077979,0.8001257011657662,1.047823078366361,-0.3783622240189266,2.09884835661003,False
2,3.94126416859217,-8.705736389936732,10.204364651154942,8.7853362676248,0.8009471081460245,1.0488180239144744,-0.3785102778233362,2.0988114080922937,False
3,3.7538948921719566,-8.712797035208252,9.712014075663284,8.6669862424646,0.7362733258640238,0.9844525308557346,-0.3788172624003588,2.0987346048087887,False
total,19.307246734242653,-43.44202687253673,9.988804612823198,8.728047867663904,0.7704115573832304,1.0189842509858293,-0.37775675541336284,2.0989670671265657,0
