episode,total_distance,total_reward,speed_mean,speed_std,center_dev_mean,center_dev_std,reward_mean,reward_std,success
0,51.0152561981231,89.75564120305256,17.587368071366395,5.107373627508581,0.346400849825411,0.5997778297006099,0.5716919821850481,0.8938406701530108,False
1,115.7020385051146,231.7953462543057,17.977911891848777,3.95022799109275,0.21844742858969263,0.4247275730578472,0.6660785811905336,0.6185173554038548,False
2,87.36634178995155,133.885827511175,19.316889574422188,4.740464501808436,0.34015217008861937,0.4822787112820459,0.5464727653517347,0.7329454284751227,False
3,30.04336151992902,39.345860626732815,16.801938711550456,5.598087704658936,0.38911388125727525,0.589663529720037,0.4056274291415754,1.1094357010802836,False
total,355.15874751639785,618.4783444940825,17.921027062296957,4.849038456267176,0.32352858244024957,0.524111910940135,0.547467689467223,0.838684788778068,0
