episode,total_distance,total_reward,speed_mean,speed_std,center_dev_mean,center_dev_std,reward_mean,reward_std,success
0,159.17801219504327,303.6808349742769,20.553427018509627,3.050105264178144,0.1040166942355998,0.1508466976693867,2.1691488212448347,0.7101722305723907,True
1,267.4537097574212,546.2406503651173,21.147855026574838,2.6568734852758924,0.09957447437278562,0.08324873323519075,2.395792326162795,0.3329558491111492,True
2,312.90174757223576,569.5489749418937,21.452803603866432,2.82770831371281,0.15371782814055412,0.17995805890225278,2.1655854560528276,0.5769494135784412,True
3,177.2331333933398,323.5426093580249,21.40200095394812,3.4055869182976495,0.1369850217835826,0.12725034576530084,2.156950729053499,0.5470954691348756,True
total,1145.95825364755,2178.766337049141,21.139021650724754,2.9850684953661237,0.12357350463313055,0.13532595889303276,2.221869333128489,0.5417932405992142,1.0
