episode,total_distance,total_reward,speed_mean,speed_std,center_dev_mean,center_dev_std,reward_mean,reward_std,success
0,158.5064659656491,289.25580958418374,20.113008531331356,3.5390287179741797,0.1398244056078837,0.2216953656956964,0.6774140739676434,0.2853200661636047,True
1,266.7954076421447,570.8105245545529,20.59386029454959,3.0314713663568957,0.06996994663139885,0.09568165653219075,0.814280348865268,0.16879779677872633,True
2,313.8469934081659,569.7011566253964,20.870492405233513,2.9606309247406584,0.1796510142113632,0.27286044987189034,0.6998785707928702,0.2659516415121513,True
3,175.54366378765553,326.57470806025145,20.47515710595885,3.834767651785125,0.18184358654488866,0.2585009922593942,0.7038248018539902,0.24410737617306658,True
total,1143.365663504519,2195.4277485304806,20.513129584268327,3.3414746652142147,0.1428222382488836,0.21218461608979294,0.723849448869943,0.2410442201568872,1.0
