episode,total_distance,total_reward,speed_mean,speed_std,center_dev_mean,center_dev_std,reward_mean,reward_std,success
0,197.64155760442367,103.80523669211954,4.5661638785950345,5.8048282408741985,40.508351099936625,29.50421234890458,0.044342262576727694,0.18416469600651295,False
1,353.1998255749932,242.50587780641618,6.799163463875865,7.7414922942082,43.56232753474455,36.324770811387076,0.08633174717209548,0.25411782615757655,False
2,314.80211130552925,622.1518270901034,21.480769883261452,3.794598229571258,0.10745465514998773,0.10771613140421395,0.7845546369358177,0.17656197652051944,True
3,176.30987691273913,308.4616463478358,21.297844269758972,4.756577608900714,0.18153060380218228,0.12810491005227564,0.6885304605978478,0.2222929220594374,True
total,1302.4417142471066,1596.1557349205939,13.53598537387283,5.524374093388592,21.08991597340834,16.516201050437036,0.4009397768206222,0.20928435518601157,0.4
