episode,total_distance,total_reward,speed_mean,speed_std,center_dev_mean,center_dev_std,reward_mean,reward_std,success
0,159.50886758882552,315.2417918368035,20.611122378218383,3.661881972149513,0.10192939599760752,0.16208481914330877,0.7523670449565716,0.25266148728909466,True
1,267.97326705465093,538.4833085511668,21.227671833358432,2.8831635538884037,0.12068908424771546,0.15589907413575207,0.7884089437059544,0.21361040989390306,True
2,316.1334057152271,625.8011180764897,21.120287803364775,2.7049813385959145,0.12030641590846981,0.14047795140831656,0.772593972933938,0.22284488505219768,True
3,176.705356920138,367.96546003913824,20.472119361144568,3.3532964594322627,0.12876578170847003,0.11345976136609182,0.7879346039381975,0.14914867206621046,True
total,1150.401121598552,2309.3645981294976,20.857800344021538,3.1508308310165236,0.1179226694655657,0.1429804015133673,0.7753261413836654,0.20956636357535147,1.0
