episode,total_distance,total_reward,speed_mean,speed_std,center_dev_mean,center_dev_std,reward_mean,reward_std,success
0,157.91841238294728,305.0881144959136,21.19635274227322,3.9155995148341365,0.11395972120381422,0.11054943995673457,2.25991195922899,0.5536722617499068,True
1,266.1691814046353,543.1539686241597,20.699879253407325,2.852063257638568,0.11877413215691653,0.14401523540594857,2.3411808992420675,0.5648151910467859,True
2,313.5318781810347,607.5572760607508,21.003872561571644,2.699778783100273,0.1599881552236401,0.21962415581946307,2.2502121335583363,0.6567484802633402,True
3,177.64351840596646,330.3382286196349,21.01143117687562,3.6157758044986164,0.13157681887914902,0.17325010972875307,2.1590733896708163,0.7421871410712683,True
total,1144.0787379682297,2232.6719847505738,20.977883933531952,3.2708043400178983,0.13107470686587996,0.16185973522772482,2.2525945954250526,0.6293557685328253,1.0
